Keeping It Local,Banana cake
Art Tray,Cookie with strawberries
Bowl Nic Pitt,Chocolate crinkles
Adjustment,Chocolate munchies
Chimichurri Oil,Brown roll breads
Bacon,Chocolate cake
Spread,Macaroons
Kids biscuit,Ginger bread cookie
Siblings,Butter cookie cake
Jammie Dodgers,Apple pie
Olum & polenta,Bento cake
Polenta,Humming bird cake
The Nomad,Cheesecake
Hack the stack,Cupcake
Bakewell,Black-forest-cake
Duck egg,Baklava
Valentine's card,Black Forest Cake
Tshirt,Cannoli
Vegan Feast,Croissant
Postcard,Danish
Nomad bag,Flan
Coffee granules,Dobos Torte
Drinking chocolate spoons,Fruitcake
Christmas common,Kouign-Amann
Argentina Night,Lamington
Half slice Monster,Macaron
Gift voucher,Madeleine
Cherry me Dried fruit,PÄ…czki
Mortimer,Panettone
Raw bars,Stollen
Tacos/Fajita,Swiss Roll
Pick and Mix Bowls,Pecan
Mighty Protein,Fudge
Coke,Almond
My-5 Fruit Shoot,Vanilla cake
The BART,ItalianCreamCake
